{"fnr": [[0.018571645007892948, 0.32687261175820637, 0.2984264785675529, 0.13470325664932253, 0.16185920664830653], [0.011240732504777312, 0.26702269692923897, 0.3410588326486319, 0.2509178310134439, 0.15944339759385417], [0.016616735007062112, 0.20717278210027162, 0.34493450120145724, 0.21922294709595627, 0.19568053341063923], [0.009285822503946474, 0.409741724598315, 0.25579412448647393, 0.20073426481075513, 0.19326472435618688], [0.01270691500540044, 0.28083421573592376, 0.41857220370513915, 0.182245582525554, 0.2270860511185196]], "rec": [[0.9998142835499211, 0.9967312738824179, 0.9970157352143245, 0.9986529674335067, 0.9983814079335169], [0.9998875926749522, 0.9973297730307076, 0.9965894116735137, 0.9974908216898656, 0.9984055660240615], [0.9998338326499294, 0.9979282721789973, 0.9965506549879855, 0.9978077705290405, 0.9980431946658936], [0.9999071417749605, 0.9959025827540169, 0.9974420587551353, 0.9979926573518925, 0.9980673527564381], [0.999872930849946, 0.9971916578426407, 0.9958142779629486, 0.9981775441747445, 0.9977291394888148]], "pre": [[0.9988038277511961, 0.9999538127569165, 0.998990330472603, 0.9996562937894932, 0.9995404634063755], [0.9985845372901211, 0.9999538404726735, 0.9993781577924602, 0.9998411521762152, 0.9995888257346717], [0.9986624555168828, 0.9997693833310272, 0.9991839589647936, 0.9994179894179894, 0.9997580040171333], [0.9985845649245426, 0.9999537743262608, 0.9993398827321088, 0.9997089639115251, 0.9997338173018754], [0.9985114108896395, 1.0, 0.9991833560178884, 0.999418204897657, 0.9997579278625031]], "f1": [[0.9993088002188393, 0.9983399428202526, 0.9980020561364034, 0.9991543787326251, 0.9989605994682136], [0.9992356401696731, 0.9986400829779878, 0.9979818365287589, 0.998664604074941, 0.9989968455021211], [0.999247800794205, 0.9988479793557901, 0.9978655696988513, 0.9986122308719154, 0.9988998633896298], [0.9992454157173312, 0.9979240669834386, 0.9983900688585006, 0.9988500733573893, 0.9988998899889988], [0.9991917070609638, 0.99859385445241, 0.9974959722033504, 0.9987974892632969, 0.9987425033855678]]}