{"fnr": [[0.003909820001661674, 0.17494590488467382, 0.1240213936904116, 0.13734449697577983, 0.09663236217809344], [0.001954910000830837, 0.19336126329358685, 0.17052941632431595, 0.1320620163228652, 0.10629559839590279], [0.002443637501038546, 0.2117766217024999, 0.17052941632431595, 0.10036713240537756, 0.10146398028699811], [0.002443637501038546, 0.11509599005570646, 0.22478877606387102, 0.09244341142600565, 0.08213750785137942], [0.0004887275002077092, 0.23019198011141292, 0.20153476474691884, 0.08187845012017643, 0.09180074406918877], [0.0009774550004154185, 0.20256894249804336, 0.22866444461669638, 0.06338976783497531, 0.12320626177706914]], "rec": [[0.9999609017999834, 0.9982505409511533, 0.9987597860630959, 0.9986265550302422, 0.999033676378219], [0.9999804508999917, 0.9980663873670641, 0.9982947058367568, 0.9986793798367714, 0.998937044016041], [0.9999755636249896, 0.997882233782975, 0.9982947058367568, 0.9989963286759462, 0.99898536019713], [0.9999755636249896, 0.998849040099443, 0.9977521122393613, 0.99907556588574, 0.9991786249214862], [0.999995112724998, 0.9976980801988858, 0.9979846523525309, 0.9991812154987982, 0.9990819925593081], [0.9999902254499958, 0.9979743105750196, 0.997713355553833, 0.9993661023216502, 0.9987679373822294]], "pre": [[0.9992722974886937, 0.9999538830474082, 0.9997672253258846, 0.9997620180866255, 0.9998791073285137], [0.9991649575153824, 0.9999538745387454, 0.9998835448934436, 0.999920664304226, 0.9998549182706258], [0.9992332674040973, 0.9999538660269423, 0.9998447325518205, 0.9997885332135021, 0.9998791014822158], [0.9993357558707459, 0.9999539106788957, 0.9998834815706684, 0.9997885499814981, 0.9997824457927433], [0.9992381622128458, 0.999907719282056, 0.9998835087174309, 0.9998414208690136, 0.9998791131742463], [0.9992137596937081, 0.9999077448221781, 0.999961155997514, 0.9996829506724088, 0.999903257793794]], "f1": [[0.999616481054897, 0.9991014860039166, 0.9992632517740122, 0.9991939639794395, 0.9994562130678042], [0.9995725378792505, 0.9990092394184467, 0.9990884936873339, 0.9992996366038983, 0.9993957703927492], [0.99960427770911, 0.9989169758278224, 0.9990691179892949, 0.9993922739523331, 0.9994320310328576], [0.9996555573741257, 0.99940117002165, 0.9988166598770102, 0.99943193077482, 0.9994804441598298], [0.999616494170467, 0.9988016776512881, 0.9989331781592474, 0.9995112091628466, 0.9994803939339012], [0.9996018417870708, 0.9989400921658986, 0.9988359911535327, 0.999524501386871, 0.9993352751356643]]}