{"fnr": [[0.004398547501869383, 0.13351134846461948, 0.18215642198279203, 0.11621457436412139, 0.08455331690583176], [0.003909820001661674, 0.23019198011141292, 0.26354546159212466, 0.13998573730223712, 0.1328694979948785], [0.003909820001661674, 0.24860733852032596, 0.22866444461669638, 0.08980217109954834, 0.13045368894042614], [0.00635345750270022, 0.22558814050918466, 0.2480427873808232, 0.08716093077309105, 0.11112721650480746], [0.004398547501869383, 0.23019198011141292, 0.25579412448647393, 0.09508465175246296, 0.1546117794849495]], "rec": [[0.9999560145249813, 0.9986648865153538, 0.9981784357801721, 0.9988378542563587, 0.9991544668309417], [0.9999609017999834, 0.9976980801988858, 0.9973645453840787, 0.9986001426269776, 0.9986713050200512], [0.9999609017999834, 0.9975139266147968, 0.997713355553833, 0.9991019782890045, 0.9986954631105958], [0.999936465424973, 0.9977441185949082, 0.9975195721261918, 0.9991283906922691, 0.998888727834952], [0.9999560145249813, 0.9976980801988858, 0.9974420587551353, 0.9990491534824754, 0.9984538822051505]], "pre": [[0.9993064577574166, 1.0, 0.9997670897868871, 0.9997884996695308, 0.9998066091328837], [0.9989746844713522, 1.0, 0.9997668997668998, 0.9996562756140769, 0.9998790634674922], [0.9990917569619758, 1.0, 0.999572881882426, 0.9998942666067511, 0.999806520267002], [0.9991600414119118, 0.9998615916955017, 0.9998057724429942, 0.9995772117112356, 0.9997823826679885], [0.9990576033828621, 0.9998615853095876, 0.9996892479801118, 0.9996300113639367, 0.9998306601833709]], "f1": [[0.9996311306212884, 0.9993319973279893, 0.9989721311793339, 0.9993129508759877, 0.9994804316042579], [0.9994675498500347, 0.9988477138643067, 0.998564277676458, 0.999127930022991, 0.9992748193091445], [0.9995261404382957, 0.9987554162441228, 0.9986422530840251, 0.9994979654388838, 0.9992506828454716], [0.9995481026417676, 0.9988017328786064, 0.9986613638568241, 0.9993527508090615, 0.9993353554639823], [0.9995066070687088, 0.9987786611360756, 0.9985643890893571, 0.999339498018494, 0.9991417969080515]]}