{"fnr": [[0.0014661825006231275, 0.013811518806684775, 0.06976203395085652, 0.04754232587623148, 0.0603952263613084], [0.0014661825006231275, 0.03222687721559781, 0.05813502829238044, 0.07659596946726183, 0.06281103541576073], [0.0009774550004154185, 0.013811518806684775, 0.05038369118672971, 0.06338976783497531, 0.0676426535246654], [0.001954910000830837, 0.004603839602228259, 0.06976203395085652, 0.05810728718206069, 0.04106875392568971], [0.0, 0.02301919801114129, 0.06976203395085652, 0.05546604685560339, 0.045900372034594385]], "rec": [[0.9999853381749938, 0.9998618848119332, 0.9993023796604914, 0.9995245767412377, 0.9993960477363869], [0.9999853381749938, 0.999677731227844, 0.9994186497170762, 0.9992340403053274, 0.9993718896458423], [0.9999902254499958, 0.9998618848119332, 0.9994961630881327, 0.9993661023216502, 0.9993235734647533], [0.9999804508999917, 0.9999539616039778, 0.9993023796604914, 0.9994189271281794, 0.9995893124607431], [1.0, 0.9997698080198886, 0.9993023796604914, 0.999445339531444, 0.9995409962796541]], "pre": [[0.9996873076208995, 1.0, 1.0, 0.999920731385087, 1.0], [0.9996286995690961, 1.0, 1.0, 0.9999207083388397, 0.9999758273103048], [0.9996677724632229, 1.0, 1.0, 0.9999471444805624, 1.0], [0.9997166128393927, 1.0, 1.0, 0.9999207230061836, 0.9999758325680314], [0.9996921964470675, 1.0, 1.0, 1.0, 1.0]], "f1": [[0.9998363006887587, 0.999930937636686, 0.9996510681192572, 0.9997226148176523, 0.9996979326510639], [0.9998069870681336, 0.9998388396454472, 0.9997092403419334, 0.9995772563939971, 0.9996737672631489], [0.9998289729581815, 0.999930937636686, 0.9997480180651664, 0.9996565389696169, 0.9996616723054615], [0.9998485144644254, 0.9999769802720931, 0.9996510681192572, 0.9996697620966144, 0.9997825351568164], [0.9998460745341311, 0.9998848907613326, 0.9996510681192572, 0.9997225928323272, 0.9997704454566324]]}