{"fnr": [[0.001954910000830837, 0.04603839602228258, 0.10464305092628479, 0.04225984522331687, 0.07005846257911774], [0.0014661825006231275, 0.0552460752267391, 0.07363770250368189, 0.07659596946726183, 0.0676426535246654], [0.0004887275002077092, 0.04143455642005432, 0.06976203395085652, 0.04754232587623148, 0.05556360825240373], [0.0004887275002077092, 0.03683071681782607, 0.13952406790171304, 0.060748527508518, 0.053147799197951394], [0.001954910000830837, 0.02301919801114129, 0.0930160452678087, 0.060748527508518, 0.05073199014349906]], "rec": [[0.9999804508999917, 0.9995396160397771, 0.9989535694907371, 0.9995774015477669, 0.9992994153742089], [0.9999853381749938, 0.9994475392477327, 0.9992636229749632, 0.9992340403053274, 0.9993235734647533], [0.999995112724998, 0.9995856544357995, 0.9993023796604914, 0.9995245767412377, 0.9994443639174759], [0.999995112724998, 0.9996316928318217, 0.9986047593209829, 0.9993925147249149, 0.9994685220080205], [0.9999804508999917, 0.9997698080198886, 0.9990698395473219, 0.9993925147249149, 0.999492680098565]], "pre": [[0.9996091631694912, 1.0, 1.0, 0.9998943168908029, 0.9999516522832209], [0.9995798647750811, 1.0, 0.9999612162581446, 0.9999471374953746, 0.9999516534519435], [0.9996677740863787, 1.0, 1.0, 1.0, 0.9999758290631345], [0.9995652195152931, 1.0, 1.0, 0.9999735722402812, 1.0], [0.9996482331041963, 1.0, 1.0, 0.999920720911181, 0.9999516616314199]], "f1": [[0.9997947725640236, 0.9997697550193405, 0.9994765108478586, 0.9997358341038172, 0.9996254274356279], [0.9997825603639303, 0.9997236932995626, 0.9996122979102857, 0.9995904617213819, 0.9996375148014788], [0.9998314166135264, 0.9997927842884443, 0.9996510681192572, 0.9997622318503646, 0.999710025856028], [0.9997801199079436, 0.9998158124971221, 0.9993018926466026, 0.999682959048877, 0.9997341903680255], [0.9998143144048043, 0.9998848907613326, 0.9995347033734006, 0.9996565480436448, 0.9997221181843444]]}