{"fnr": [[0.002932365001246255, 0.013811518806684775, 0.03488101697542826, 0.04490108554977417, 0.06281103541576073], [0.0, 0.004603839602228259, 0.05038369118672971, 0.05810728718206069, 0.053147799197951394], [0.0014661825006231275, 0.009207679204456518, 0.0310053484226029, 0.06867224848788991, 0.06281103541576073], [0.0009774550004154185, 0.018415358408913035, 0.0310053484226029, 0.05018356620268878, 0.05797941730685607], [0.0009774550004154185, 0.004603839602228259, 0.05038369118672971, 0.05282480652914609, 0.04831618108904672]], "rec": [[0.9999706763499875, 0.9998618848119332, 0.9996511898302457, 0.9995509891445022, 0.9993718896458423], [1.0, 0.9999539616039778, 0.9994961630881327, 0.9994189271281794, 0.9994685220080205], [0.9999853381749938, 0.9999079232079554, 0.9996899465157739, 0.9993132775151211, 0.9993718896458423], [0.9999902254499958, 0.9998158464159109, 0.9996899465157739, 0.9994981643379731, 0.9994202058269315], [0.9999902254499958, 0.9999539616039778, 0.9994961630881327, 0.9994717519347085, 0.9995168381891095]], "pre": [[0.9997312642307805, 1.0, 1.0, 0.9998414795244386, 1.0], [0.9997166183777868, 1.0, 1.0, 1.0, 1.0], [0.999697076297686, 1.0, 1.0, 0.9999207146255088, 1.0], [0.9997312694829625, 1.0, 1.0, 0.9999735750336919, 0.9999758284788862], [0.9997361542032102, 1.0, 1.0, 0.9999735743353946, 0.99997583081571]], "f1": [[0.9998509559587074, 0.999930937636686, 0.9998255644926833, 0.999696213231895, 0.9996858461612818], [0.9998582891097624, 0.9999769802720931, 0.9997480180651664, 0.9997093791281373, 0.9997341903680255], [0.9998411864593133, 0.9999539594843463, 0.9998449492208699, 0.9996169037900106, 0.9996858461612818], [0.9998607306995961, 0.9999079147290391, 0.9998449492208699, 0.9997358131670717, 0.9996979399504622], [0.9998631736863451, 0.9999769802720931, 0.9997480180651664, 0.9997226001611561, 0.9997462818204883]]}