{"fnr": [[0.001954910000830837, 0.02762303761336955, 0.06588636539803117, 0.05018356620268878, 0.05556360825240373], [0.0014661825006231275, 0.013811518806684775, 0.06976203395085652, 0.060748527508518, 0.045900372034594385], [0.0004887275002077092, 0.018415358408913035, 0.05038369118672971, 0.03961860489685957, 0.053147799197951394], [0.0009774550004154185, 0.02301919801114129, 0.05038369118672971, 0.07131348881434722, 0.05556360825240373], [0.0, 0.02762303761336955, 0.05813502829238044, 0.05282480652914609, 0.04831618108904672]], "rec": [[0.9999804508999917, 0.9997237696238663, 0.9993411363460197, 0.9994981643379731, 0.9994443639174759], [0.9999853381749938, 0.9998618848119332, 0.9993023796604914, 0.9993925147249149, 0.9995409962796541], [0.999995112724998, 0.9998158464159109, 0.9994961630881327, 0.9996038139510314, 0.9994685220080205], [0.9999902254499958, 0.9997698080198886, 0.9994961630881327, 0.9992868651118565, 0.9994443639174759], [1.0, 0.9997237696238663, 0.9994186497170762, 0.9994717519347085, 0.9995168381891095]], "pre": [[0.9996824218024761, 1.0, 1.0, 0.9998943085134493, 1.0], [0.999697076297686, 1.0, 1.0, 0.999920720911181, 0.9999758313998454], [0.999741040236484, 1.0, 1.0, 0.999973577826512, 0.9999758296473545], [0.9996726565629916, 1.0, 1.0, 0.9999471402896712, 0.9999758290631345], [0.999706849462313, 1.0, 1.0, 0.9999735743353946, 1.0]], "f1": [[0.9998314141421545, 0.999861865733493, 0.9996704596119178, 0.9996961971812383, 0.9997221047544251], [0.9998411864593133, 0.999930937636686, 0.9996510681192572, 0.9996565480436448, 0.9997583665579316], [0.9998680603404043, 0.9999079147290391, 0.9997480180651664, 0.9997886617002166, 0.999722111469547], [0.9998314157897438, 0.9998848907613326, 0.9997480180651664, 0.9996168936681771, 0.999710025856028], [0.9998534032436975, 0.999861865733493, 0.9997092403419334, 0.9997226001611561, 0.9997583607191185]]}