{"fnr": [[0.0, 0.03222687721559781, 0.1433997364545384, 0.16903938089326748, 0.22225443300961492], [0.0, 0.02301919801114129, 0.11627005658476088, 0.2509178310134439, 0.17635406097502054], [0.0, 0.05984991482896736, 0.10464305092628479, 0.242994110034072, 0.16185920664830653], [0.0, 0.02301919801114129, 0.11239438803193551, 0.17960434219909668, 0.1352853070493308], [0.0, 0.04143455642005432, 0.10076738237345942, 0.21129922611658436, 0.1739382519205682]], "rec": [[1.0, 0.999677731227844, 0.9985660026354546, 0.9983096061910673, 0.9977774556699038], [1.0, 0.9997698080198886, 0.9988372994341523, 0.9974908216898656, 0.9982364593902497], [1.0, 0.9994015008517103, 0.9989535694907371, 0.9975700588996593, 0.9983814079335169], [1.0, 0.9997698080198886, 0.9988760561196807, 0.9982039565780091, 0.9986471469295067], [1.0, 0.9995856544357995, 0.9989923261762654, 0.9978870077388342, 0.9982606174807943]], "pre": [[0.999023499484896, 1.0, 1.0, 1.0, 1.0], [0.9990088664948051, 1.0, 1.0, 1.0, 1.0], [0.9990283772435209, 1.0, 1.0, 1.0, 1.0], [0.9992284063661359, 1.0, 1.0, 1.0, 1.0], [0.9990869140625, 1.0, 1.0, 1.0, 1.0]], "f1": [[0.999511511237684, 0.9998388396454472, 0.9992824868617527, 0.9991540881334425, 0.9988874915352617], [0.9995041875392315, 0.9998848907613326, 0.9994183115523325, 0.9987438348737885, 0.9991174514900562], [0.9995139524943518, 0.9997006608487417, 0.9994765108478586, 0.9987835515007272, 0.9991900484762032], [0.9996140542864401, 0.9998848907613326, 0.9994377120698014, 0.9991011711211569, 0.9993231156021853], [0.9995432485045663, 0.9997927842884443, 0.9994959091085347, 0.9989423865048518, 0.9991295517191354]]}