{"fnr": [[0.0, 0.013811518806684775, 0.05038369118672971, 0.08716093077309105, 0.08213750785137942], [0.0, 0.04143455642005432, 0.07363770250368189, 0.11357333403766409, 0.10629559839590279], [0.0, 0.02301919801114129, 0.06976203395085652, 0.13998573730223712, 0.1135430255592598], [0.0, 0.004603839602228259, 0.08914037671498333, 0.1241382953434933, 0.0942165531236411], [0.0, 0.02301919801114129, 0.07751337105650724, 0.08716093077309105, 0.1135430255592598]], "rec": [[1.0, 0.9998618848119332, 0.9994961630881327, 0.9991283906922691, 0.9991786249214862], [1.0, 0.9995856544357995, 0.9992636229749632, 0.9988642666596234, 0.998937044016041], [1.0, 0.9997698080198886, 0.9993023796604914, 0.9986001426269776, 0.9988645697444074], [1.0, 0.9999539616039778, 0.9991085962328502, 0.9987586170465651, 0.9990578344687636], [1.0, 0.9997698080198886, 0.999224866289435, 0.9991283906922691, 0.9988645697444074]], "pre": [[0.9995945206550201, 1.0, 1.0, 1.0, 1.0], [0.9994382790824899, 1.0, 1.0, 1.0, 1.0], [0.9993992263207252, 1.0, 1.0, 1.0, 1.0], [0.9994626886085101, 1.0, 1.0, 1.0, 1.0], [0.999487099326879, 1.0, 1.0, 1.0, 1.0]], "f1": [[0.9997972192158002, 0.999930937636686, 0.9997480180651664, 0.9995640053376317, 0.9995891437271914], [0.9997190606364864, 0.9997927842884443, 0.9996316758747698, 0.9994318106740311, 0.9994682393889587], [0.9996995229009964, 0.9998848907613326, 0.9996510681192572, 0.9992995810701873, 0.9994319623886586], [0.9997312721089765, 0.9999769802720931, 0.9995540993776778, 0.9993789230260985, 0.9995286952108183], [0.9997434838797942, 0.9998848907613326, 0.999612282878412, 0.9995640053376317, 0.9994319623886586]]}