{"fnr": [[0.0, 0.018415358408913035, 0.0620106968452058, 0.05546604685560339, 0.05073199014349906], [0.0004887275002077092, 0.009207679204456518, 0.05038369118672971, 0.05810728718206069, 0.05073199014349906], [0.001954910000830837, 0.013811518806684775, 0.027129679869777535, 0.04490108554977417, 0.0603952263613084], [0.0014661825006231275, 0.013811518806684775, 0.027129679869777535, 0.04754232587623148, 0.05797941730685607], [0.0004887275002077092, 0.004603839602228259, 0.023254011316952174, 0.07659596946726183, 0.05797941730685607]], "rec": [[1.0, 0.9998158464159109, 0.999379893031548, 0.999445339531444, 0.999492680098565], [0.999995112724998, 0.9999079232079554, 0.9994961630881327, 0.9994189271281794, 0.999492680098565], [0.9999804508999917, 0.9998618848119332, 0.9997287032013022, 0.9995509891445022, 0.9993960477363869], [0.9999853381749938, 0.9998618848119332, 0.9997287032013022, 0.9995245767412377, 0.9994202058269315], [0.999995112724998, 0.9999539616039778, 0.9997674598868305, 0.9992340403053274, 0.9994202058269315]], "pre": [[0.999697080737755, 1.0, 1.0, 1.0, 1.0], [0.9997215015463993, 1.0, 1.0, 1.0, 0.9999516616314199], [0.9997459213040101, 1.0, 1.0, 0.9998943140984993, 1.0], [0.9997459225454652, 1.0, 1.0, 1.0, 0.9999274889420636], [0.9997068480300187, 1.0, 1.0, 0.9999735680490577, 1.0]], "f1": [[0.9998485174253826, 0.9999079147290391, 0.9996898503527951, 0.9997225928323272, 0.9997462756895863], [0.9998582884172772, 0.9999539594843463, 0.9997480180651664, 0.9997093791281373, 0.9997221181843444], [0.9998631723490864, 0.999930937636686, 0.9998643331976665, 0.9997226221453196, 0.9996979326510639], [0.9998656160283428, 0.999930937636686, 0.9998643331976665, 0.9997622318503646, 0.9996737830294683], [0.9998509596002785, 0.9999769802720931, 0.9998837164231171, 0.99960366739768, 0.9997100188487749]]}