{"fnr": [[0.0, 0.004603839602228259, 0.03488101697542826, 0.06867224848788991, 0.045900372034594385], [0.0004887275002077092, 0.004603839602228259, 0.04263235408107899, 0.05810728718206069, 0.04831618108904672], [0.0004887275002077092, 0.0, 0.03488101697542826, 0.06338976783497531, 0.07247427163357008], [0.001954910000830837, 0.013811518806684775, 0.027129679869777535, 0.05282480652914609, 0.0676426535246654], [0.0, 0.009207679204456518, 0.027129679869777535, 0.05282480652914609, 0.0676426535246654]], "rec": [[1.0, 0.9999539616039778, 0.9996511898302457, 0.9993132775151211, 0.9995409962796541], [0.999995112724998, 0.9999539616039778, 0.9995736764591893, 0.9994189271281794, 0.9995168381891095], [0.999995112724998, 1.0, 0.9996511898302457, 0.9993661023216502, 0.9992752572836643], [0.9999804508999917, 0.9998618848119332, 0.9997287032013022, 0.9994717519347085, 0.9993235734647533], [1.0, 0.9999079232079554, 0.9997287032013022, 0.9994717519347085, 0.9993235734647533]], "pre": [[0.9997312721089765, 1.0, 1.0, 1.0, 1.0], [0.9997361554923632, 1.0, 1.0, 1.0, 0.99997583081571], [0.9996921949432026, 1.0, 1.0, 0.9999735715418363, 1.0], [0.9997166128393927, 1.0, 1.0, 0.9999207271958567, 0.9999758261416105], [0.9997215029071188, 1.0, 1.0, 1.0, 1.0]], "f1": [[0.9998656179983924, 0.9999769802720931, 0.9998255644926833, 0.9996565208201227, 0.9997704454566324], [0.9998656173417155, 0.9999769802720931, 0.9997867927819665, 0.9997093791281373, 0.9997462818204883], [0.9998436308907176, 1.0, 0.9998255644926833, 0.9996697446465608, 0.9996374972812296], [0.9998485144644254, 0.999930937636686, 0.9998643331976665, 0.9996961891552737, 0.999649593407523], [0.9998607320607014, 0.9999539594843463, 0.9998643331976665, 0.9997358061874191, 0.9996616723054615]]}